HJS,5995786.126,2022/5/14/18시38분6초
MJI,2560699.71,2022/5/14/18시38분58초
LMB,2884420.923,2022/5/14/18시39분7초
PKH,1074709.431,2022/5/14/19시54분11초
YSL,2343497.217,2022/5/14/20시11분52초
RMH,4696408.458,2022/5/14/20시19분10초
HJS,1772393.418,2022/5/14/18시38분6초
MJI,503750.0163,2022/5/14/18시38분58초
LMB,2860232.451,2022/5/14/18시39분7초
PKH,451060.3418,2022/5/14/19시54분11초
YSL,8076203.906,2022/5/14/20시11분52초
RMH,2781507.921,2022/5/14/20시19분10초
VAS,3728945.213,2022/5/14/18시38분6초
QWZ,2625483.445,2022/5/14/18시38분58초
XCQ,3711805.225,2022/5/14/18시39분7초
NFG,436357.3876,2022/5/14/19시54분11초
GFH,7244574.451,2022/5/14/20시11분52초
KHJ,3035559.4,2022/5/14/20시19분10초
KKUY,835896.658,2022/5/14/18시38분6초
PUOP,7514757.15,2022/5/14/18시38분58초
LMB,9697382.582,2022/5/14/18시39분7초
ASDZ,2307773.199,2022/5/14/19시54분11초
YSL,996853.6765,2022/5/14/20시11분52초
XZC,1849815.488,2022/5/14/20시19분10초
HJS,1763839.043,2022/5/14/18시38분6초
WEA,9033917.265,2022/5/14/18시38분58초
SXF,9894961.917,2022/5/14/18시39분7초
EKJ,6239848.421,2022/5/14/19시54분11초
YSL,3356816.823,2022/5/14/20시11분52초
ZXK,757814.6786,2022/5/14/20시19분10초
JAS,7924111.373,2022/5/14/18시38분6초
MJI,6920361.384,2022/5/14/18시38분58초
LMB,7065143.02,2022/5/14/18시39분7초
CVQ,6837152.074,2022/5/14/19시54분11초
YSL,9250258.383,2022/5/14/20시11분52초
ZXK,1864954.825,2022/5/14/20시19분10초
YUI,4031280.96,2022/5/14/20시19분10초
UYI,7123271.463,2022/5/14/18시38분6초
GHJ,7707893.966,2022/5/14/18시38분58초
KGH,2210192.985,2022/5/14/18시39분7초
HGK,829692.0513,2022/5/14/19시54분11초
GH,819988.0904,2022/5/14/20시11분52초
MGH,378078.5536,2022/5/14/20시19분10초
asdasd,170796,2022/5/31/18시18분35초
asd,187099,2022/5/31/18시20분0초
